document_id,project_folder,relative_path,filename,file_type,file_size_bytes,doc_type_hint,date_hint,advisor_hint,page_count,text_pdf_or_scan,has_tables,has_photos,has_inspection_data,has_quantities,has_costs,has_condition_scores,mentions_nen2767,years_found,possible_mjop_period,possible_number_of_units,error
DOC-001,VVe st. jacobstraat,VVe st. jacobstraat/Mop 2025/7135_vvem_nbi_18-10-2024_0270311 Gunningsadvies DLR_820038.pdf,7135_vvem_nbi_18-10-2024_0270311 Gunningsadvies DLR_820038.pdf,pdf,1003453,gunningsadvies,18-10-2024,0270311 Gunningsadvies DLR,7,text_pdf,True,True,False,False,True,False,False,2024,,,
DOC-002,VVe st. jacobstraat,VVe st. jacobstraat/Mop 2025/7135_vvem_of_11-10-2024_0270311 Liftcentraal bv_820039.pdf,7135_vvem_of_11-10-2024_0270311 Liftcentraal bv_820039.pdf,pdf,245599,offerte,11-10-2024,0270311 Liftcentraal bv,5,text_pdf,False,True,False,False,False,False,False,2024,,,
DOC-003,VVe st. jacobstraat,VVe st. jacobstraat/Mop 2025/7135_vvem_of_14-10-2024_0270311 Schindler Liften B.V._820040.pdf,7135_vvem_of_14-10-2024_0270311 Schindler Liften B.V._820040.pdf,pdf,376686,offerte,14-10-2024,0270311 Schindler Liften B.V.,18,text_pdf,True,True,False,True,True,False,False,1991;2022;2023;2024;2025,,,
DOC-004,VVe st. jacobstraat,VVe st. jacobstraat/Mop 2025/7135_vvem_of_25-09-2024_0270311 Astralift_820042.pdf,7135_vvem_of_25-09-2024_0270311 Astralift_820042.pdf,pdf,1054520,offerte,25-09-2024,0270311 Astralift,10,text_pdf,False,True,False,True,False,False,False,2024,,,
DOC-005,VVe st. jacobstraat,VVe st. jacobstraat/Mop 2025/Hoofd.pdf,Hoofd.pdf,pdf,227435,,,,15,text_pdf,True,True,True,True,True,True,True,2018;2022;2023;2024;2025;2026;2027;2028;2029;2030;2031;2032;2033;2034;2035;2036;2037;2038;2039;2040;2041;2042;2043;2044;2045;2046;2047;2048;2049,,,
DOC-006,VVe st. jacobstraat,VVe st. jacobstraat/Mop 2025/Meerjarenonderhoudsplan-7135_vvem_mop_02-03-2023_DLR-Adviesgroep-BV_lift_705159-St.-Jacobsstraat-251-321-UTRECHT-(7135).pdf,Meerjarenonderhoudsplan-7135_vvem_mop_02-03-2023_DLR-Adviesgroep-BV_lift_705159-St.-Jacobsstraat-251-321-UTRECHT-(7135).pdf,pdf,20285,,,,1,text_pdf,True,True,False,False,True,True,True,2023;2024;2025;2026;2027;2028;2029;2030;2031;2032;2033;2034;2035;2036;2037;2038,2023-2038,,
DOC-007,VVe st. jacobstraat,VVe st. jacobstraat/Mop 2025/Overzicht 15 - jarenplan.pdf,Overzicht 15 - jarenplan.pdf,pdf,124480,,,,11,text_pdf,True,True,False,True,True,False,False,2005;2018;2022;2023;2024;2025;2026;2027;2028;2029;2030;2031;2032;2033;2034;2035;2036;2037;2038;2039;2040;2041;2042;2043;2044;2045;2046;2047;2048;2049,,321,
DOC-008,VVe st. jacobstraat,VVe st. jacobstraat/Mop 2025/VvE-documenten-4766B-7135-St.-Jacobsstraat-251-321-c5193de4-86ae-4ec9-b47c-e800cca21802.pdf,VvE-documenten-4766B-7135-St.-Jacobsstraat-251-321-c5193de4-86ae-4ec9-b47c-e800cca21802.pdf,pdf,6131310,,,,23,text_pdf,True,True,False,False,True,True,True,2002;2013;2016;2018;2019;2020;2022;2023;2024;2025;2026;2027;2028;2029;2030;2031;2032;2033;2034;2035;2036;2037;2038,2023-2038,,
DOC-009,VVe st. jacobstraat,VVe st. jacobstraat/Mop 2025/Winkels.pdf,Winkels.pdf,pdf,182733,,,,10,text_pdf,True,True,True,True,True,True,True,2025;2026;2027;2028;2029;2030;2031;2032;2033;2034;2035;2036;2037;2038;2039,,,
DOC-010,VVe st. jacobstraat,VVe st. jacobstraat/Mop 2025/Woningen.pdf,Woningen.pdf,pdf,418153,,,,30,text_pdf,True,True,True,True,True,True,True,1993;1994;1998;2003;2005;2012;2018;2022;2023;2024;2025;2026;2027;2028;2029;2030;2031;2032;2033;2034;2035;2036;2037;2038;2039;2040;2041;2042;2043;2044;2045;2046;2047;2048;2049,,321,
DOC-011,J.P. Heijestraat,J.P. Heijestraat/MOP 2026/2026_Meerjarenonderhoudsplan_VvE 9690.pdf,2026_Meerjarenonderhoudsplan_VvE 9690.pdf,pdf,730430,,,,26,text_pdf,True,True,True,True,True,False,False,2026;2027;2028;2029;2030;2031;2032;2033;2034;2035;2036;2037;2038;2039;2040;2042;2048,,,
DOC-012,J.P. Heijestraat,J.P. Heijestraat/MOP 2026/2026_Overzicht 15 - Jarenplan (Gedetailleerd)_VvE 9690.xls,2026_Overzicht 15 - Jarenplan (Gedetailleerd)_VvE 9690.xls,xls,211456,,,,,n/a_spreadsheet,True,,,True,True,False,,2026;2027;2028;2029;2030;2031;2032;2033;2034;2035;2036;2037;2038;2039;2040,,,
DOC-013,J.P. Heijestraat,J.P. Heijestraat/MOP 2026/9690_vvem_mop_v_15-03-2018_Innax_hele_schil_376215.pdf,9690_vvem_mop_v_15-03-2018_Innax_hele_schil_376215.pdf,pdf,1467269,MJOP/MOP-rapport,15-03-2018,Innax_hele_schil,41,text_pdf,True,True,True,True,True,True,True,2017;2018;2019;2020;2021;2022;2023;2024;2025;2026;2027;2030;2036;2042;2048,,,
DOC-014,Zomerdijkstraat 14,Zomerdijkstraat 14/Meerjarenonderhoudsplan 2023_VvE Zomerdijkstraat 14.pdf,Meerjarenonderhoudsplan 2023_VvE Zomerdijkstraat 14.pdf,pdf,720517,,,,17,text_pdf,True,True,True,True,True,False,False,2005;2023;2024;2025;2026;2027;2028;2029;2030;2031;2032;2033;2034;2035;2036;2037;2038;2040;2041;2042;2044;2045,,,
DOC-015,Mauritstaete,Mauritstaete/MOP 2023/Actualisatie MOP 2023 met bijlage.pdf,Actualisatie MOP 2023 met bijlage.pdf,pdf,448819,,,,26,text_pdf,True,True,True,True,True,True,True,1986;1990;2012;2018;2019;2020;2022;2023;2024;2025;2026;2027;2028;2029;2030;2031;2032;2033;2034;2035;2036;2037;2040;2043;2046;2047;2048,2019-2023,,
DOC-016,Mauritstaete,Mauritstaete/MOP 2023/Actualisatie MOP 2023.pdf,Actualisatie MOP 2023.pdf,pdf,294139,,,,23,text_pdf,True,True,True,True,True,True,True,1986;1990;2012;2018;2019;2020;2022;2023;2024;2025;2026;2027;2028;2029;2030;2031;2032;2033;2034;2035;2036;2037;2040;2043;2046;2047;2048,2019-2023,,
DOC-017,Maldenhof,Maldenhof/2026_Meerjarenonderhoudsplan_VvE 9261 Maldenhof 240-296.pdf,2026_Meerjarenonderhoudsplan_VvE 9261 Maldenhof 240-296.pdf,pdf,884814,,,,15,text_pdf,True,True,True,True,True,True,True,1981;1993;1994;2025;2026;2027;2028;2029;2030;2031;2032;2033;2034;2035;2036;2037;2038;2039;2040;2046;2047,,,
DOC-018,Maldenhof,Maldenhof/9261_vvem_mop_01-03-2023_Pro VVE Beheer B.V._851361.pdf,9261_vvem_mop_01-03-2023_Pro VVE Beheer B.V._851361.pdf,pdf,1706495,MJOP/MOP-rapport,01-03-2023,Pro VVE Beheer B.V.,20,text_pdf,True,True,True,True,True,True,True,1981;2021;2023;2024;2025;2026;2027;2028;2029;2030;2031;2032;2033;2034;2035;2036;2037;2039;2040;2046,,,
DOC-019,Maldenhof,Maldenhof/9261_vvem_ob_05-02-2026_0208703-1_Etro Vastgoedzorg BV_894668.pdf,9261_vvem_ob_05-02-2026_0208703-1_Etro Vastgoedzorg BV_894668.pdf,pdf,409725,offerte,05-02-2026,0208703-1_Etro Vastgoedzorg BV,9,text_pdf,False,True,False,True,True,False,False,2012;2025;2026,,,
DOC-020,Maldenhof,Maldenhof/Bewonersinformatieboekje  240 herzien.pdf,Bewonersinformatieboekje  240 herzien.pdf,pdf,519160,,,,8,text_pdf,True,True,False,False,False,False,False,2026,,,
DOC-021,Maldenhof,Maldenhof/Overzicht 15 - Jarenplan (Gedetailleerd)_VvE Maldenhof 240-296.xls,Overzicht 15 - Jarenplan (Gedetailleerd)_VvE Maldenhof 240-296.xls,xls,112640,,,,,n/a_spreadsheet,True,,,True,True,False,,2026;2027;2028;2029;2030;2031;2032;2033;2034;2035;2036;2037;2038;2039;2040,,,
DOC-022,Alkmaarstraat 1-83,Alkmaarstraat 1-83/MJOP 2026/9543_vvem_mop_14-01-2022_Pro VVEBeheer B.V._626720.pdf,9543_vvem_mop_14-01-2022_Pro VVEBeheer B.V._626720.pdf,pdf,1452273,MJOP/MOP-rapport,14-01-2022,Pro VVEBeheer B.V.,27,text_pdf,True,True,True,True,True,True,True,2006;2016;2017;2018;2020;2022;2023;2024;2025;2026;2027;2028;2029;2030;2031;2032;2033;2034;2035;2036;2037;2040;2042,,,
DOC-023,Alkmaarstraat 1-83,Alkmaarstraat 1-83/MJOP 2026/9543_vvem_ob_08-05-2025_Alkmaarstraat 1_83 - Groetstraat 189_217_Dirkzwager Bouw B.V._851050.pdf,9543_vvem_ob_08-05-2025_Alkmaarstraat 1_83 - Groetstraat 189_217_Dirkzwager Bouw B.V._851050.pdf,pdf,357727,offerte,08-05-2025,Alkmaarstraat 1_83 - Groetstraat 189_217_Dirkzwager Bouw B.V.,9,text_pdf,False,True,False,False,True,False,False,2025,,,
DOC-024,Alkmaarstraat 1-83,Alkmaarstraat 1-83/MJOP 2026/9543_vvem_ob_12-07-2021_opdr. off. buitenschilderwerk_Dirkzwager Bouw B.V._schilderw_585869.pdf,9543_vvem_ob_12-07-2021_opdr. off. buitenschilderwerk_Dirkzwager Bouw B.V._schilderw_585869.pdf,pdf,164514,offerte,12-07-2021,opdr. off. buitenschilderwerk_Dirkzwager Bouw B.V._schilderw,2,text_pdf,False,True,False,False,True,False,False,2021,,,
DOC-025,Alkmaarstraat 1-83,Alkmaarstraat 1-83/MJOP 2026/9543_vvem_ob_30-06-2022_0191556-1_SOP B.V. _ Rioolreiniging _ Infrastruct._656527.pdf,9543_vvem_ob_30-06-2022_0191556-1_SOP B.V. _ Rioolreiniging _ Infrastruct._656527.pdf,pdf,508210,offerte,30-06-2022,0191556-1_SOP B.V. _ Rioolreiniging _ Infrastruct.,9,text_pdf,False,True,False,False,True,False,False,2022,,72,
DOC-026,Alkmaarstraat 1-83,Alkmaarstraat 1-83/MJOP 2026/Schilderwerk 2020-2021.docx,Schilderwerk 2020-2021.docx,docx,13443,,,,,n/a_docx,False,,,False,False,False,,2020;2021,,,
